-- phpMyAdmin SQL Dump
-- version 5.0.1
-- https://www.phpmyadmin.net/
--
-- Host: localhost
-- Generation Time: Apr 22, 2020 at 01:50 PM
-- Server version: 10.4.11-MariaDB
-- PHP Version: 7.4.2

SET SQL_MODE = "NO_AUTO_VALUE_ON_ZERO";
SET AUTOCOMMIT = 0;
START TRANSACTION;
SET time_zone = "+00:00";


/*!40101 SET @OLD_CHARACTER_SET_CLIENT=@@CHARACTER_SET_CLIENT */;
/*!40101 SET @OLD_CHARACTER_SET_RESULTS=@@CHARACTER_SET_RESULTS */;
/*!40101 SET @OLD_COLLATION_CONNECTION=@@COLLATION_CONNECTION */;
/*!40101 SET NAMES utf8mb4 */;

--
-- Database: `etutoring`
--
CREATE DATABASE IF NOT EXISTS `etutoring` DEFAULT CHARACTER SET utf8mb4 COLLATE utf8mb4_general_ci;
USE `etutoring`;

-- --------------------------------------------------------

--
-- Table structure for table `allocation`
--

CREATE TABLE `allocation` (
  `id` bigint(20) NOT NULL,
  `room_id` bigint(20) DEFAULT NULL,
  `student_id` bigint(20) DEFAULT NULL,
  `tutor_id` bigint(20) DEFAULT NULL
) ENGINE=InnoDB DEFAULT CHARSET=utf8mb4;

-- --------------------------------------------------------

--
-- Table structure for table `blog_comment`
--

CREATE TABLE `blog_comment` (
  `id` bigint(20) NOT NULL,
  `content` varchar(255) DEFAULT NULL,
  `creation_time` datetime(6) DEFAULT NULL,
  `blog_post_id` bigint(20) DEFAULT NULL,
  `user_id` bigint(20) DEFAULT NULL
) ENGINE=InnoDB DEFAULT CHARSET=utf8mb4;

-- --------------------------------------------------------

--
-- Table structure for table `blog_post`
--

CREATE TABLE `blog_post` (
  `id` bigint(20) NOT NULL,
  `content` longtext DEFAULT NULL,
  `creation_time` datetime(6) DEFAULT NULL,
  `modified_time` datetime(6) DEFAULT NULL,
  `title` varchar(255) DEFAULT NULL,
  `user_id` bigint(20) DEFAULT NULL
) ENGINE=InnoDB DEFAULT CHARSET=utf8mb4;

-- --------------------------------------------------------

--
-- Table structure for table `document`
--

CREATE TABLE `document` (
  `id` bigint(20) NOT NULL,
  `content` varchar(255) DEFAULT NULL,
  `creation_time` datetime(6) DEFAULT NULL,
  `modified_time` datetime(6) DEFAULT NULL,
  `title` varchar(255) DEFAULT NULL,
  `url` varchar(255) DEFAULT NULL,
  `owner_id` bigint(20) DEFAULT NULL
) ENGINE=InnoDB DEFAULT CHARSET=utf8mb4;

--
-- Dumping data for table `document`
--

INSERT INTO `document` (`id`, `content`, `creation_time`, `modified_time`, `title`, `url`, `owner_id`) VALUES
(1, 'test', '2020-04-19 15:13:23.000000', NULL, 'test', '', 3),
(2, 'test', '2020-04-19 15:16:02.000000', NULL, 'test', '', 3),
(3, '111', '2020-04-19 15:37:51.000000', NULL, 'test', '', 3);

-- --------------------------------------------------------

--
-- Table structure for table `meeting`
--

CREATE TABLE `meeting` (
  `id` bigint(20) NOT NULL,
  `creation_time` datetime(6) DEFAULT NULL,
  `description` varchar(255) DEFAULT NULL,
  `end_time` datetime(6) DEFAULT NULL,
  `modified_time` datetime(6) DEFAULT NULL,
  `start_time` datetime(6) DEFAULT NULL,
  `title` varchar(255) DEFAULT NULL,
  `type` varchar(255) DEFAULT NULL
) ENGINE=InnoDB DEFAULT CHARSET=utf8mb4;

--
-- Dumping data for table `meeting`
--

INSERT INTO `meeting` (`id`, `creation_time`, `description`, `end_time`, `modified_time`, `start_time`, `title`, `type`) VALUES
(1, '2020-04-18 16:23:40.000000', 'test 111', '2020-04-16 20:05:49.000000', NULL, '2020-04-15 20:05:49.000000', 'test 111', 'vitual');

-- --------------------------------------------------------

--
-- Table structure for table `meetings_students`
--

CREATE TABLE `meetings_students` (
  `student_id` bigint(20) NOT NULL,
  `meeting_id` bigint(20) NOT NULL
) ENGINE=InnoDB DEFAULT CHARSET=utf8mb4;

--
-- Dumping data for table `meetings_students`
--

INSERT INTO `meetings_students` (`student_id`, `meeting_id`) VALUES
(1, 1);

-- --------------------------------------------------------

--
-- Table structure for table `meetings_tutors`
--

CREATE TABLE `meetings_tutors` (
  `tutor_id` bigint(20) NOT NULL,
  `meeting_id` bigint(20) NOT NULL
) ENGINE=InnoDB DEFAULT CHARSET=utf8mb4;

--
-- Dumping data for table `meetings_tutors`
--

INSERT INTO `meetings_tutors` (`tutor_id`, `meeting_id`) VALUES
(1, 1);

-- --------------------------------------------------------

--
-- Table structure for table `message`
--

CREATE TABLE `message` (
  `id` bigint(20) NOT NULL,
  `content` varchar(255) DEFAULT NULL,
  `time` datetime(6) DEFAULT NULL,
  `receiver_id` bigint(20) DEFAULT NULL,
  `sender_id` bigint(20) DEFAULT NULL
) ENGINE=InnoDB DEFAULT CHARSET=utf8mb4;

--
-- Dumping data for table `message`
--

INSERT INTO `message` (`id`, `content`, `time`, `receiver_id`, `sender_id`) VALUES
(1, 'Hi', '2020-04-20 11:24:03.000000', 2, 1),
(2, 'hi', '2020-04-20 11:24:32.000000', 1, 2);

-- --------------------------------------------------------

--
-- Table structure for table `role`
--

CREATE TABLE `role` (
  `id` bigint(20) NOT NULL,
  `role_desc` varchar(255) DEFAULT NULL,
  `role_name` varchar(255) DEFAULT NULL
) ENGINE=InnoDB DEFAULT CHARSET=utf8mb4;

--
-- Dumping data for table `role`
--

INSERT INTO `role` (`id`, `role_desc`, `role_name`) VALUES
(1, 'tutor', 'tutor'),
(2, 'student', 'student'),
(3, 'admin', 'admin');

-- --------------------------------------------------------

--
-- Table structure for table `room`
--

CREATE TABLE `room` (
  `id` bigint(20) NOT NULL,
  `name` varchar(255) DEFAULT NULL
) ENGINE=InnoDB DEFAULT CHARSET=utf8mb4;

-- --------------------------------------------------------

--
-- Table structure for table `student`
--

CREATE TABLE `student` (
  `id` bigint(20) NOT NULL,
  `user_id` bigint(20) DEFAULT NULL
) ENGINE=InnoDB DEFAULT CHARSET=utf8mb4;

--
-- Dumping data for table `student`
--

INSERT INTO `student` (`id`, `user_id`) VALUES
(1, 2),
(2, 4);

-- --------------------------------------------------------

--
-- Table structure for table `tutor`
--

CREATE TABLE `tutor` (
  `id` bigint(20) NOT NULL,
  `user_id` bigint(20) DEFAULT NULL
) ENGINE=InnoDB DEFAULT CHARSET=utf8mb4;

--
-- Dumping data for table `tutor`
--

INSERT INTO `tutor` (`id`, `user_id`) VALUES
(1, 1);

-- --------------------------------------------------------

--
-- Table structure for table `user`
--

CREATE TABLE `user` (
  `id` bigint(20) NOT NULL,
  `email` varchar(255) DEFAULT NULL,
  `enabled` smallint(6) DEFAULT NULL,
  `fullname` varchar(255) DEFAULT NULL,
  `gender` smallint(6) DEFAULT NULL,
  `password` varchar(255) DEFAULT NULL,
  `username` varchar(255) DEFAULT NULL,
  `role_id` bigint(20) DEFAULT NULL
) ENGINE=InnoDB DEFAULT CHARSET=utf8mb4;

--
-- Dumping data for table `user`
--

INSERT INTO `user` (`id`, `email`, `enabled`, `fullname`, `gender`, `password`, `username`, `role_id`) VALUES
(1, NULL, 1, 'tutor', 1, 'tutor', 'tutor', 1),
(2, NULL, 1, 'student', 1, 'student', 'student', 2),
(3, NULL, 1, 'admin', 1, 'admin', 'admin', 3),
(4, NULL, 1, 'student2', NULL, 'student2', 'student2', 2);

--
-- Indexes for dumped tables
--

--
-- Indexes for table `allocation`
--
ALTER TABLE `allocation`
  ADD PRIMARY KEY (`id`),
  ADD KEY `FK56da8n7lqj46grfh9hqi10dcj` (`room_id`),
  ADD KEY `FKp86noct2101ypm24ndph671ar` (`student_id`),
  ADD KEY `FKa86kud621iw198xedtptc1pj8` (`tutor_id`);

--
-- Indexes for table `blog_comment`
--
ALTER TABLE `blog_comment`
  ADD PRIMARY KEY (`id`),
  ADD KEY `FKexc25jcxcor1jb4lfcgyoguei` (`blog_post_id`),
  ADD KEY `FKsf6dq50mwtekinwpvoicf9rpj` (`user_id`);

--
-- Indexes for table `blog_post`
--
ALTER TABLE `blog_post`
  ADD PRIMARY KEY (`id`),
  ADD KEY `FK7vg0q5xiixc6i1m14dx0h5n49` (`user_id`);

--
-- Indexes for table `document`
--
ALTER TABLE `document`
  ADD PRIMARY KEY (`id`),
  ADD KEY `FK6s7fu4q654xgy4gdlv8p7uplo` (`owner_id`);

--
-- Indexes for table `meeting`
--
ALTER TABLE `meeting`
  ADD PRIMARY KEY (`id`);

--
-- Indexes for table `meetings_students`
--
ALTER TABLE `meetings_students`
  ADD PRIMARY KEY (`student_id`,`meeting_id`),
  ADD KEY `FK3jwb67q3ltsjpomigoru0tyqi` (`meeting_id`);

--
-- Indexes for table `meetings_tutors`
--
ALTER TABLE `meetings_tutors`
  ADD PRIMARY KEY (`tutor_id`,`meeting_id`),
  ADD KEY `FKe79mk6f6uwaj7rnhyf2wxqegw` (`meeting_id`);

--
-- Indexes for table `message`
--
ALTER TABLE `message`
  ADD PRIMARY KEY (`id`),
  ADD KEY `FK86f0kc2mt26ifwupnivu6v8oa` (`receiver_id`),
  ADD KEY `FKcnj2qaf5yc36v2f90jw2ipl9b` (`sender_id`);

--
-- Indexes for table `role`
--
ALTER TABLE `role`
  ADD PRIMARY KEY (`id`);

--
-- Indexes for table `room`
--
ALTER TABLE `room`
  ADD PRIMARY KEY (`id`);

--
-- Indexes for table `student`
--
ALTER TABLE `student`
  ADD PRIMARY KEY (`id`),
  ADD KEY `FKk5m148xqefonqw7bgnpm0snwj` (`user_id`);

--
-- Indexes for table `tutor`
--
ALTER TABLE `tutor`
  ADD PRIMARY KEY (`id`),
  ADD KEY `FK4bpotihp1nbteoo09flh9p4ur` (`user_id`);

--
-- Indexes for table `user`
--
ALTER TABLE `user`
  ADD PRIMARY KEY (`id`),
  ADD KEY `FKn82ha3ccdebhokx3a8fgdqeyy` (`role_id`);

--
-- AUTO_INCREMENT for dumped tables
--

--
-- AUTO_INCREMENT for table `allocation`
--
ALTER TABLE `allocation`
  MODIFY `id` bigint(20) NOT NULL AUTO_INCREMENT;

--
-- AUTO_INCREMENT for table `blog_comment`
--
ALTER TABLE `blog_comment`
  MODIFY `id` bigint(20) NOT NULL AUTO_INCREMENT;

--
-- AUTO_INCREMENT for table `blog_post`
--
ALTER TABLE `blog_post`
  MODIFY `id` bigint(20) NOT NULL AUTO_INCREMENT;

--
-- AUTO_INCREMENT for table `document`
--
ALTER TABLE `document`
  MODIFY `id` bigint(20) NOT NULL AUTO_INCREMENT, AUTO_INCREMENT=4;

--
-- AUTO_INCREMENT for table `meeting`
--
ALTER TABLE `meeting`
  MODIFY `id` bigint(20) NOT NULL AUTO_INCREMENT, AUTO_INCREMENT=2;

--
-- AUTO_INCREMENT for table `message`
--
ALTER TABLE `message`
  MODIFY `id` bigint(20) NOT NULL AUTO_INCREMENT, AUTO_INCREMENT=3;

--
-- AUTO_INCREMENT for table `role`
--
ALTER TABLE `role`
  MODIFY `id` bigint(20) NOT NULL AUTO_INCREMENT, AUTO_INCREMENT=4;

--
-- AUTO_INCREMENT for table `room`
--
ALTER TABLE `room`
  MODIFY `id` bigint(20) NOT NULL AUTO_INCREMENT;

--
-- AUTO_INCREMENT for table `student`
--
ALTER TABLE `student`
  MODIFY `id` bigint(20) NOT NULL AUTO_INCREMENT, AUTO_INCREMENT=3;

--
-- AUTO_INCREMENT for table `tutor`
--
ALTER TABLE `tutor`
  MODIFY `id` bigint(20) NOT NULL AUTO_INCREMENT, AUTO_INCREMENT=2;

--
-- AUTO_INCREMENT for table `user`
--
ALTER TABLE `user`
  MODIFY `id` bigint(20) NOT NULL AUTO_INCREMENT, AUTO_INCREMENT=5;

--
-- Constraints for dumped tables
--

--
-- Constraints for table `allocation`
--
ALTER TABLE `allocation`
  ADD CONSTRAINT `FK56da8n7lqj46grfh9hqi10dcj` FOREIGN KEY (`room_id`) REFERENCES `room` (`id`),
  ADD CONSTRAINT `FKa86kud621iw198xedtptc1pj8` FOREIGN KEY (`tutor_id`) REFERENCES `tutor` (`id`),
  ADD CONSTRAINT `FKp86noct2101ypm24ndph671ar` FOREIGN KEY (`student_id`) REFERENCES `student` (`id`);

--
-- Constraints for table `blog_comment`
--
ALTER TABLE `blog_comment`
  ADD CONSTRAINT `FKexc25jcxcor1jb4lfcgyoguei` FOREIGN KEY (`blog_post_id`) REFERENCES `blog_post` (`id`),
  ADD CONSTRAINT `FKsf6dq50mwtekinwpvoicf9rpj` FOREIGN KEY (`user_id`) REFERENCES `user` (`id`);

--
-- Constraints for table `blog_post`
--
ALTER TABLE `blog_post`
  ADD CONSTRAINT `FK7vg0q5xiixc6i1m14dx0h5n49` FOREIGN KEY (`user_id`) REFERENCES `user` (`id`);

--
-- Constraints for table `document`
--
ALTER TABLE `document`
  ADD CONSTRAINT `FK6s7fu4q654xgy4gdlv8p7uplo` FOREIGN KEY (`owner_id`) REFERENCES `user` (`id`);

--
-- Constraints for table `meetings_students`
--
ALTER TABLE `meetings_students`
  ADD CONSTRAINT `FK3jwb67q3ltsjpomigoru0tyqi` FOREIGN KEY (`meeting_id`) REFERENCES `student` (`id`),
  ADD CONSTRAINT `FKnflxu0b6c9u293tunpfukyala` FOREIGN KEY (`student_id`) REFERENCES `meeting` (`id`);

--
-- Constraints for table `meetings_tutors`
--
ALTER TABLE `meetings_tutors`
  ADD CONSTRAINT `FKe79mk6f6uwaj7rnhyf2wxqegw` FOREIGN KEY (`meeting_id`) REFERENCES `tutor` (`id`),
  ADD CONSTRAINT `FKiajnursymb2ff1j7bkanq26pn` FOREIGN KEY (`tutor_id`) REFERENCES `meeting` (`id`);

--
-- Constraints for table `message`
--
ALTER TABLE `message`
  ADD CONSTRAINT `FK86f0kc2mt26ifwupnivu6v8oa` FOREIGN KEY (`receiver_id`) REFERENCES `user` (`id`),
  ADD CONSTRAINT `FKcnj2qaf5yc36v2f90jw2ipl9b` FOREIGN KEY (`sender_id`) REFERENCES `user` (`id`);

--
-- Constraints for table `student`
--
ALTER TABLE `student`
  ADD CONSTRAINT `FKk5m148xqefonqw7bgnpm0snwj` FOREIGN KEY (`user_id`) REFERENCES `user` (`id`);

--
-- Constraints for table `tutor`
--
ALTER TABLE `tutor`
  ADD CONSTRAINT `FK4bpotihp1nbteoo09flh9p4ur` FOREIGN KEY (`user_id`) REFERENCES `user` (`id`);

--
-- Constraints for table `user`
--
ALTER TABLE `user`
  ADD CONSTRAINT `FKn82ha3ccdebhokx3a8fgdqeyy` FOREIGN KEY (`role_id`) REFERENCES `role` (`id`);
--
-- Database: `phpmyadmin`
--
CREATE DATABASE IF NOT EXISTS `phpmyadmin` DEFAULT CHARACTER SET utf8 COLLATE utf8_bin;
USE `phpmyadmin`;

-- --------------------------------------------------------

--
-- Table structure for table `pma__bookmark`
--

CREATE TABLE `pma__bookmark` (
  `id` int(11) NOT NULL,
  `dbase` varchar(255) COLLATE utf8_bin NOT NULL DEFAULT '',
  `user` varchar(255) COLLATE utf8_bin NOT NULL DEFAULT '',
  `label` varchar(255) CHARACTER SET utf8 NOT NULL DEFAULT '',
  `query` text COLLATE utf8_bin NOT NULL
) ENGINE=InnoDB DEFAULT CHARSET=utf8 COLLATE=utf8_bin COMMENT='Bookmarks';

-- --------------------------------------------------------

--
-- Table structure for table `pma__central_columns`
--

CREATE TABLE `pma__central_columns` (
  `db_name` varchar(64) COLLATE utf8_bin NOT NULL,
  `col_name` varchar(64) COLLATE utf8_bin NOT NULL,
  `col_type` varchar(64) COLLATE utf8_bin NOT NULL,
  `col_length` text COLLATE utf8_bin DEFAULT NULL,
  `col_collation` varchar(64) COLLATE utf8_bin NOT NULL,
  `col_isNull` tinyint(1) NOT NULL,
  `col_extra` varchar(255) COLLATE utf8_bin DEFAULT '',
  `col_default` text COLLATE utf8_bin DEFAULT NULL
) ENGINE=InnoDB DEFAULT CHARSET=utf8 COLLATE=utf8_bin COMMENT='Central list of columns';

-- --------------------------------------------------------

--
-- Table structure for table `pma__column_info`
--

CREATE TABLE `pma__column_info` (
  `id` int(5) UNSIGNED NOT NULL,
  `db_name` varchar(64) COLLATE utf8_bin NOT NULL DEFAULT '',
  `table_name` varchar(64) COLLATE utf8_bin NOT NULL DEFAULT '',
  `column_name` varchar(64) COLLATE utf8_bin NOT NULL DEFAULT '',
  `comment` varchar(255) CHARACTER SET utf8 NOT NULL DEFAULT '',
  `mimetype` varchar(255) CHARACTER SET utf8 NOT NULL DEFAULT '',
  `transformation` varchar(255) COLLATE utf8_bin NOT NULL DEFAULT '',
  `transformation_options` varchar(255) COLLATE utf8_bin NOT NULL DEFAULT '',
  `input_transformation` varchar(255) COLLATE utf8_bin NOT NULL DEFAULT '',
  `input_transformation_options` varchar(255) COLLATE utf8_bin NOT NULL DEFAULT ''
) ENGINE=InnoDB DEFAULT CHARSET=utf8 COLLATE=utf8_bin COMMENT='Column information for phpMyAdmin';

-- --------------------------------------------------------

--
-- Table structure for table `pma__designer_settings`
--

CREATE TABLE `pma__designer_settings` (
  `username` varchar(64) COLLATE utf8_bin NOT NULL,
  `settings_data` text COLLATE utf8_bin NOT NULL
) ENGINE=InnoDB DEFAULT CHARSET=utf8 COLLATE=utf8_bin COMMENT='Settings related to Designer';

--
-- Dumping data for table `pma__designer_settings`
--

INSERT INTO `pma__designer_settings` (`username`, `settings_data`) VALUES
('root', '{\"angular_direct\":\"direct\",\"relation_lines\":\"true\",\"snap_to_grid\":\"off\",\"full_screen\":\"on\"}');

-- --------------------------------------------------------

--
-- Table structure for table `pma__export_templates`
--

CREATE TABLE `pma__export_templates` (
  `id` int(5) UNSIGNED NOT NULL,
  `username` varchar(64) COLLATE utf8_bin NOT NULL,
  `export_type` varchar(10) COLLATE utf8_bin NOT NULL,
  `template_name` varchar(64) COLLATE utf8_bin NOT NULL,
  `template_data` text COLLATE utf8_bin NOT NULL
) ENGINE=InnoDB DEFAULT CHARSET=utf8 COLLATE=utf8_bin COMMENT='Saved export templates';

--
-- Dumping data for table `pma__export_templates`
--

INSERT INTO `pma__export_templates` (`id`, `username`, `export_type`, `template_name`, `template_data`) VALUES
(1, 'root', 'database', 'script', '{\"quick_or_custom\":\"quick\",\"what\":\"sql\",\"structure_or_data_forced\":\"0\",\"table_select[]\":[\"allocation\",\"meeting\",\"record\",\"role\",\"student\",\"tutor\",\"user\",\"user_info\"],\"table_structure[]\":[\"allocation\",\"meeting\",\"record\",\"role\",\"student\",\"tutor\",\"user\",\"user_info\"],\"table_data[]\":[\"allocation\",\"meeting\",\"record\",\"role\",\"student\",\"tutor\",\"user\",\"user_info\"],\"aliases_new\":\"\",\"output_format\":\"sendit\",\"filename_template\":\"@DATABASE@\",\"remember_template\":\"on\",\"charset\":\"utf-8\",\"compression\":\"none\",\"maxsize\":\"\",\"codegen_structure_or_data\":\"data\",\"codegen_format\":\"0\",\"csv_separator\":\",\",\"csv_enclosed\":\"\\\"\",\"csv_escaped\":\"\\\"\",\"csv_terminated\":\"AUTO\",\"csv_null\":\"NULL\",\"csv_structure_or_data\":\"data\",\"excel_null\":\"NULL\",\"excel_columns\":\"something\",\"excel_edition\":\"win\",\"excel_structure_or_data\":\"data\",\"json_structure_or_data\":\"data\",\"json_unicode\":\"something\",\"latex_caption\":\"something\",\"latex_structure_or_data\":\"structure_and_data\",\"latex_structure_caption\":\"Structure of table @TABLE@\",\"latex_structure_continued_caption\":\"Structure of table @TABLE@ (continued)\",\"latex_structure_label\":\"tab:@TABLE@-structure\",\"latex_relation\":\"something\",\"latex_comments\":\"something\",\"latex_mime\":\"something\",\"latex_columns\":\"something\",\"latex_data_caption\":\"Content of table @TABLE@\",\"latex_data_continued_caption\":\"Content of table @TABLE@ (continued)\",\"latex_data_label\":\"tab:@TABLE@-data\",\"latex_null\":\"\\\\textit{NULL}\",\"mediawiki_structure_or_data\":\"structure_and_data\",\"mediawiki_caption\":\"something\",\"mediawiki_headers\":\"something\",\"htmlword_structure_or_data\":\"structure_and_data\",\"htmlword_null\":\"NULL\",\"ods_null\":\"NULL\",\"ods_structure_or_data\":\"data\",\"odt_structure_or_data\":\"structure_and_data\",\"odt_relation\":\"something\",\"odt_comments\":\"something\",\"odt_mime\":\"something\",\"odt_columns\":\"something\",\"odt_null\":\"NULL\",\"pdf_report_title\":\"\",\"pdf_structure_or_data\":\"structure_and_data\",\"phparray_structure_or_data\":\"data\",\"sql_include_comments\":\"something\",\"sql_header_comment\":\"\",\"sql_use_transaction\":\"something\",\"sql_compatibility\":\"NONE\",\"sql_structure_or_data\":\"structure_and_data\",\"sql_create_table\":\"something\",\"sql_auto_increment\":\"something\",\"sql_create_view\":\"something\",\"sql_procedure_function\":\"something\",\"sql_create_trigger\":\"something\",\"sql_backquotes\":\"something\",\"sql_type\":\"INSERT\",\"sql_insert_syntax\":\"both\",\"sql_max_query_size\":\"50000\",\"sql_hex_for_binary\":\"something\",\"sql_utc_time\":\"something\",\"texytext_structure_or_data\":\"structure_and_data\",\"texytext_null\":\"NULL\",\"xml_structure_or_data\":\"data\",\"xml_export_events\":\"something\",\"xml_export_functions\":\"something\",\"xml_export_procedures\":\"something\",\"xml_export_tables\":\"something\",\"xml_export_triggers\":\"something\",\"xml_export_views\":\"something\",\"xml_export_contents\":\"something\",\"yaml_structure_or_data\":\"data\",\"\":null,\"lock_tables\":null,\"as_separate_files\":null,\"csv_removeCRLF\":null,\"csv_columns\":null,\"excel_removeCRLF\":null,\"json_pretty_print\":null,\"htmlword_columns\":null,\"ods_columns\":null,\"sql_dates\":null,\"sql_relation\":null,\"sql_mime\":null,\"sql_disable_fk\":null,\"sql_views_as_tables\":null,\"sql_metadata\":null,\"sql_create_database\":null,\"sql_drop_table\":null,\"sql_if_not_exists\":null,\"sql_view_current_user\":null,\"sql_or_replace_view\":null,\"sql_truncate\":null,\"sql_delayed\":null,\"sql_ignore\":null,\"texytext_columns\":null}'),
(2, 'root', 'server', 'etutoring', '{\"quick_or_custom\":\"quick\",\"what\":\"sql\",\"db_select[]\":[\"etutoring\",\"phpmyadmin\",\"test\"],\"aliases_new\":\"\",\"output_format\":\"sendit\",\"filename_template\":\"@SERVER@\",\"remember_template\":\"on\",\"charset\":\"utf-8\",\"compression\":\"none\",\"maxsize\":\"\",\"codegen_structure_or_data\":\"data\",\"codegen_format\":\"0\",\"csv_separator\":\",\",\"csv_enclosed\":\"\\\"\",\"csv_escaped\":\"\\\"\",\"csv_terminated\":\"AUTO\",\"csv_null\":\"NULL\",\"csv_structure_or_data\":\"data\",\"excel_null\":\"NULL\",\"excel_columns\":\"something\",\"excel_edition\":\"win\",\"excel_structure_or_data\":\"data\",\"json_structure_or_data\":\"data\",\"json_unicode\":\"something\",\"latex_caption\":\"something\",\"latex_structure_or_data\":\"structure_and_data\",\"latex_structure_caption\":\"Structure of table @TABLE@\",\"latex_structure_continued_caption\":\"Structure of table @TABLE@ (continued)\",\"latex_structure_label\":\"tab:@TABLE@-structure\",\"latex_relation\":\"something\",\"latex_comments\":\"something\",\"latex_mime\":\"something\",\"latex_columns\":\"something\",\"latex_data_caption\":\"Content of table @TABLE@\",\"latex_data_continued_caption\":\"Content of table @TABLE@ (continued)\",\"latex_data_label\":\"tab:@TABLE@-data\",\"latex_null\":\"\\\\textit{NULL}\",\"mediawiki_structure_or_data\":\"data\",\"mediawiki_caption\":\"something\",\"mediawiki_headers\":\"something\",\"htmlword_structure_or_data\":\"structure_and_data\",\"htmlword_null\":\"NULL\",\"ods_null\":\"NULL\",\"ods_structure_or_data\":\"data\",\"odt_structure_or_data\":\"structure_and_data\",\"odt_relation\":\"something\",\"odt_comments\":\"something\",\"odt_mime\":\"something\",\"odt_columns\":\"something\",\"odt_null\":\"NULL\",\"pdf_report_title\":\"\",\"pdf_structure_or_data\":\"data\",\"phparray_structure_or_data\":\"data\",\"sql_include_comments\":\"something\",\"sql_header_comment\":\"\",\"sql_use_transaction\":\"something\",\"sql_compatibility\":\"NONE\",\"sql_structure_or_data\":\"structure_and_data\",\"sql_create_table\":\"something\",\"sql_auto_increment\":\"something\",\"sql_create_view\":\"something\",\"sql_create_trigger\":\"something\",\"sql_backquotes\":\"something\",\"sql_type\":\"INSERT\",\"sql_insert_syntax\":\"both\",\"sql_max_query_size\":\"50000\",\"sql_hex_for_binary\":\"something\",\"sql_utc_time\":\"something\",\"texytext_structure_or_data\":\"structure_and_data\",\"texytext_null\":\"NULL\",\"yaml_structure_or_data\":\"data\",\"\":null,\"as_separate_files\":null,\"csv_removeCRLF\":null,\"csv_columns\":null,\"excel_removeCRLF\":null,\"json_pretty_print\":null,\"htmlword_columns\":null,\"ods_columns\":null,\"sql_dates\":null,\"sql_relation\":null,\"sql_mime\":null,\"sql_disable_fk\":null,\"sql_views_as_tables\":null,\"sql_metadata\":null,\"sql_drop_database\":null,\"sql_drop_table\":null,\"sql_if_not_exists\":null,\"sql_view_current_user\":null,\"sql_or_replace_view\":null,\"sql_procedure_function\":null,\"sql_truncate\":null,\"sql_delayed\":null,\"sql_ignore\":null,\"texytext_columns\":null}');

-- --------------------------------------------------------

--
-- Table structure for table `pma__favorite`
--

CREATE TABLE `pma__favorite` (
  `username` varchar(64) COLLATE utf8_bin NOT NULL,
  `tables` text COLLATE utf8_bin NOT NULL
) ENGINE=InnoDB DEFAULT CHARSET=utf8 COLLATE=utf8_bin COMMENT='Favorite tables';

-- --------------------------------------------------------

--
-- Table structure for table `pma__history`
--

CREATE TABLE `pma__history` (
  `id` bigint(20) UNSIGNED NOT NULL,
  `username` varchar(64) COLLATE utf8_bin NOT NULL DEFAULT '',
  `db` varchar(64) COLLATE utf8_bin NOT NULL DEFAULT '',
  `table` varchar(64) COLLATE utf8_bin NOT NULL DEFAULT '',
  `timevalue` timestamp NOT NULL DEFAULT current_timestamp(),
  `sqlquery` text COLLATE utf8_bin NOT NULL
) ENGINE=InnoDB DEFAULT CHARSET=utf8 COLLATE=utf8_bin COMMENT='SQL history for phpMyAdmin';

-- --------------------------------------------------------

--
-- Table structure for table `pma__navigationhiding`
--

CREATE TABLE `pma__navigationhiding` (
  `username` varchar(64) COLLATE utf8_bin NOT NULL,
  `item_name` varchar(64) COLLATE utf8_bin NOT NULL,
  `item_type` varchar(64) COLLATE utf8_bin NOT NULL,
  `db_name` varchar(64) COLLATE utf8_bin NOT NULL,
  `table_name` varchar(64) COLLATE utf8_bin NOT NULL
) ENGINE=InnoDB DEFAULT CHARSET=utf8 COLLATE=utf8_bin COMMENT='Hidden items of navigation tree';

-- --------------------------------------------------------

--
-- Table structure for table `pma__pdf_pages`
--

CREATE TABLE `pma__pdf_pages` (
  `db_name` varchar(64) COLLATE utf8_bin NOT NULL DEFAULT '',
  `page_nr` int(10) UNSIGNED NOT NULL,
  `page_descr` varchar(50) CHARACTER SET utf8 NOT NULL DEFAULT ''
) ENGINE=InnoDB DEFAULT CHARSET=utf8 COLLATE=utf8_bin COMMENT='PDF relation pages for phpMyAdmin';

--
-- Dumping data for table `pma__pdf_pages`
--

INSERT INTO `pma__pdf_pages` (`db_name`, `page_nr`, `page_descr`) VALUES
('etutoring', 1, 'designdatabase');

-- --------------------------------------------------------

--
-- Table structure for table `pma__recent`
--

CREATE TABLE `pma__recent` (
  `username` varchar(64) COLLATE utf8_bin NOT NULL,
  `tables` text COLLATE utf8_bin NOT NULL
) ENGINE=InnoDB DEFAULT CHARSET=utf8 COLLATE=utf8_bin COMMENT='Recently accessed tables';

--
-- Dumping data for table `pma__recent`
--

INSERT INTO `pma__recent` (`username`, `tables`) VALUES
('root', '[{\"db\":\"etutoring\",\"table\":\"user\"},{\"db\":\"etutoring\",\"table\":\"message\"},{\"db\":\"etutoring\",\"table\":\"student\"},{\"db\":\"etutoring\",\"table\":\"document\"},{\"db\":\"etutoring\",\"table\":\"role\"},{\"db\":\"etutoring\",\"table\":\"meeting\"},{\"db\":\"etutoring\",\"table\":\"meetings_students\"},{\"db\":\"etutoring\",\"table\":\"meetings_tutors\"},{\"db\":\"etutoring\",\"table\":\"tutor\"},{\"db\":\"etutoring\",\"table\":\"room\"}]');

-- --------------------------------------------------------

--
-- Table structure for table `pma__relation`
--

CREATE TABLE `pma__relation` (
  `master_db` varchar(64) COLLATE utf8_bin NOT NULL DEFAULT '',
  `master_table` varchar(64) COLLATE utf8_bin NOT NULL DEFAULT '',
  `master_field` varchar(64) COLLATE utf8_bin NOT NULL DEFAULT '',
  `foreign_db` varchar(64) COLLATE utf8_bin NOT NULL DEFAULT '',
  `foreign_table` varchar(64) COLLATE utf8_bin NOT NULL DEFAULT '',
  `foreign_field` varchar(64) COLLATE utf8_bin NOT NULL DEFAULT ''
) ENGINE=InnoDB DEFAULT CHARSET=utf8 COLLATE=utf8_bin COMMENT='Relation table';

-- --------------------------------------------------------

--
-- Table structure for table `pma__savedsearches`
--

CREATE TABLE `pma__savedsearches` (
  `id` int(5) UNSIGNED NOT NULL,
  `username` varchar(64) COLLATE utf8_bin NOT NULL DEFAULT '',
  `db_name` varchar(64) COLLATE utf8_bin NOT NULL DEFAULT '',
  `search_name` varchar(64) COLLATE utf8_bin NOT NULL DEFAULT '',
  `search_data` text COLLATE utf8_bin NOT NULL
) ENGINE=InnoDB DEFAULT CHARSET=utf8 COLLATE=utf8_bin COMMENT='Saved searches';

-- --------------------------------------------------------

--
-- Table structure for table `pma__table_coords`
--

CREATE TABLE `pma__table_coords` (
  `db_name` varchar(64) COLLATE utf8_bin NOT NULL DEFAULT '',
  `table_name` varchar(64) COLLATE utf8_bin NOT NULL DEFAULT '',
  `pdf_page_number` int(11) NOT NULL DEFAULT 0,
  `x` float UNSIGNED NOT NULL DEFAULT 0,
  `y` float UNSIGNED NOT NULL DEFAULT 0
) ENGINE=InnoDB DEFAULT CHARSET=utf8 COLLATE=utf8_bin COMMENT='Table coordinates for phpMyAdmin PDF output';

-- --------------------------------------------------------

--
-- Table structure for table `pma__table_info`
--

CREATE TABLE `pma__table_info` (
  `db_name` varchar(64) COLLATE utf8_bin NOT NULL DEFAULT '',
  `table_name` varchar(64) COLLATE utf8_bin NOT NULL DEFAULT '',
  `display_field` varchar(64) COLLATE utf8_bin NOT NULL DEFAULT ''
) ENGINE=InnoDB DEFAULT CHARSET=utf8 COLLATE=utf8_bin COMMENT='Table information for phpMyAdmin';

-- --------------------------------------------------------

--
-- Table structure for table `pma__table_uiprefs`
--

CREATE TABLE `pma__table_uiprefs` (
  `username` varchar(64) COLLATE utf8_bin NOT NULL,
  `db_name` varchar(64) COLLATE utf8_bin NOT NULL,
  `table_name` varchar(64) COLLATE utf8_bin NOT NULL,
  `prefs` text COLLATE utf8_bin NOT NULL,
  `last_update` timestamp NOT NULL DEFAULT current_timestamp() ON UPDATE current_timestamp()
) ENGINE=InnoDB DEFAULT CHARSET=utf8 COLLATE=utf8_bin COMMENT='Tables'' UI preferences';

-- --------------------------------------------------------

--
-- Table structure for table `pma__tracking`
--

CREATE TABLE `pma__tracking` (
  `db_name` varchar(64) COLLATE utf8_bin NOT NULL,
  `table_name` varchar(64) COLLATE utf8_bin NOT NULL,
  `version` int(10) UNSIGNED NOT NULL,
  `date_created` datetime NOT NULL,
  `date_updated` datetime NOT NULL,
  `schema_snapshot` text COLLATE utf8_bin NOT NULL,
  `schema_sql` text COLLATE utf8_bin DEFAULT NULL,
  `data_sql` longtext COLLATE utf8_bin DEFAULT NULL,
  `tracking` set('UPDATE','REPLACE','INSERT','DELETE','TRUNCATE','CREATE DATABASE','ALTER DATABASE','DROP DATABASE','CREATE TABLE','ALTER TABLE','RENAME TABLE','DROP TABLE','CREATE INDEX','DROP INDEX','CREATE VIEW','ALTER VIEW','DROP VIEW') COLLATE utf8_bin DEFAULT NULL,
  `tracking_active` int(1) UNSIGNED NOT NULL DEFAULT 1
) ENGINE=InnoDB DEFAULT CHARSET=utf8 COLLATE=utf8_bin COMMENT='Database changes tracking for phpMyAdmin';

-- --------------------------------------------------------

--
-- Table structure for table `pma__userconfig`
--

CREATE TABLE `pma__userconfig` (
  `username` varchar(64) COLLATE utf8_bin NOT NULL,
  `timevalue` timestamp NOT NULL DEFAULT current_timestamp() ON UPDATE current_timestamp(),
  `config_data` text COLLATE utf8_bin NOT NULL
) ENGINE=InnoDB DEFAULT CHARSET=utf8 COLLATE=utf8_bin COMMENT='User preferences storage for phpMyAdmin';

--
-- Dumping data for table `pma__userconfig`
--

INSERT INTO `pma__userconfig` (`username`, `timevalue`, `config_data`) VALUES
('root', '2020-04-22 11:50:40', '{\"Console\\/Mode\":\"collapse\"}');

-- --------------------------------------------------------

--
-- Table structure for table `pma__usergroups`
--

CREATE TABLE `pma__usergroups` (
  `usergroup` varchar(64) COLLATE utf8_bin NOT NULL,
  `tab` varchar(64) COLLATE utf8_bin NOT NULL,
  `allowed` enum('Y','N') COLLATE utf8_bin NOT NULL DEFAULT 'N'
) ENGINE=InnoDB DEFAULT CHARSET=utf8 COLLATE=utf8_bin COMMENT='User groups with configured menu items';

-- --------------------------------------------------------

--
-- Table structure for table `pma__users`
--

CREATE TABLE `pma__users` (
  `username` varchar(64) COLLATE utf8_bin NOT NULL,
  `usergroup` varchar(64) COLLATE utf8_bin NOT NULL
) ENGINE=InnoDB DEFAULT CHARSET=utf8 COLLATE=utf8_bin COMMENT='Users and their assignments to user groups';

--
-- Indexes for dumped tables
--

--
-- Indexes for table `pma__bookmark`
--
ALTER TABLE `pma__bookmark`
  ADD PRIMARY KEY (`id`);

--
-- Indexes for table `pma__central_columns`
--
ALTER TABLE `pma__central_columns`
  ADD PRIMARY KEY (`db_name`,`col_name`);

--
-- Indexes for table `pma__column_info`
--
ALTER TABLE `pma__column_info`
  ADD PRIMARY KEY (`id`),
  ADD UNIQUE KEY `db_name` (`db_name`,`table_name`,`column_name`);

--
-- Indexes for table `pma__designer_settings`
--
ALTER TABLE `pma__designer_settings`
  ADD PRIMARY KEY (`username`);

--
-- Indexes for table `pma__export_templates`
--
ALTER TABLE `pma__export_templates`
  ADD PRIMARY KEY (`id`),
  ADD UNIQUE KEY `u_user_type_template` (`username`,`export_type`,`template_name`);

--
-- Indexes for table `pma__favorite`
--
ALTER TABLE `pma__favorite`
  ADD PRIMARY KEY (`username`);

--
-- Indexes for table `pma__history`
--
ALTER TABLE `pma__history`
  ADD PRIMARY KEY (`id`),
  ADD KEY `username` (`username`,`db`,`table`,`timevalue`);

--
-- Indexes for table `pma__navigationhiding`
--
ALTER TABLE `pma__navigationhiding`
  ADD PRIMARY KEY (`username`,`item_name`,`item_type`,`db_name`,`table_name`);

--
-- Indexes for table `pma__pdf_pages`
--
ALTER TABLE `pma__pdf_pages`
  ADD PRIMARY KEY (`page_nr`),
  ADD KEY `db_name` (`db_name`);

--
-- Indexes for table `pma__recent`
--
ALTER TABLE `pma__recent`
  ADD PRIMARY KEY (`username`);

--
-- Indexes for table `pma__relation`
--
ALTER TABLE `pma__relation`
  ADD PRIMARY KEY (`master_db`,`master_table`,`master_field`),
  ADD KEY `foreign_field` (`foreign_db`,`foreign_table`);

--
-- Indexes for table `pma__savedsearches`
--
ALTER TABLE `pma__savedsearches`
  ADD PRIMARY KEY (`id`),
  ADD UNIQUE KEY `u_savedsearches_username_dbname` (`username`,`db_name`,`search_name`);

--
-- Indexes for table `pma__table_coords`
--
ALTER TABLE `pma__table_coords`
  ADD PRIMARY KEY (`db_name`,`table_name`,`pdf_page_number`);

--
-- Indexes for table `pma__table_info`
--
ALTER TABLE `pma__table_info`
  ADD PRIMARY KEY (`db_name`,`table_name`);

--
-- Indexes for table `pma__table_uiprefs`
--
ALTER TABLE `pma__table_uiprefs`
  ADD PRIMARY KEY (`username`,`db_name`,`table_name`);

--
-- Indexes for table `pma__tracking`
--
ALTER TABLE `pma__tracking`
  ADD PRIMARY KEY (`db_name`,`table_name`,`version`);

--
-- Indexes for table `pma__userconfig`
--
ALTER TABLE `pma__userconfig`
  ADD PRIMARY KEY (`username`);

--
-- Indexes for table `pma__usergroups`
--
ALTER TABLE `pma__usergroups`
  ADD PRIMARY KEY (`usergroup`,`tab`,`allowed`);

--
-- Indexes for table `pma__users`
--
ALTER TABLE `pma__users`
  ADD PRIMARY KEY (`username`,`usergroup`);

--
-- AUTO_INCREMENT for dumped tables
--

--
-- AUTO_INCREMENT for table `pma__bookmark`
--
ALTER TABLE `pma__bookmark`
  MODIFY `id` int(11) NOT NULL AUTO_INCREMENT;

--
-- AUTO_INCREMENT for table `pma__column_info`
--
ALTER TABLE `pma__column_info`
  MODIFY `id` int(5) UNSIGNED NOT NULL AUTO_INCREMENT;

--
-- AUTO_INCREMENT for table `pma__export_templates`
--
ALTER TABLE `pma__export_templates`
  MODIFY `id` int(5) UNSIGNED NOT NULL AUTO_INCREMENT, AUTO_INCREMENT=3;

--
-- AUTO_INCREMENT for table `pma__history`
--
ALTER TABLE `pma__history`
  MODIFY `id` bigint(20) UNSIGNED NOT NULL AUTO_INCREMENT;

--
-- AUTO_INCREMENT for table `pma__pdf_pages`
--
ALTER TABLE `pma__pdf_pages`
  MODIFY `page_nr` int(10) UNSIGNED NOT NULL AUTO_INCREMENT, AUTO_INCREMENT=2;

--
-- AUTO_INCREMENT for table `pma__savedsearches`
--
ALTER TABLE `pma__savedsearches`
  MODIFY `id` int(5) UNSIGNED NOT NULL AUTO_INCREMENT;
--
-- Database: `test`
--
CREATE DATABASE IF NOT EXISTS `test` DEFAULT CHARACTER SET utf8mb4 COLLATE utf8mb4_general_ci;
USE `test`;
COMMIT;

/*!40101 SET CHARACTER_SET_CLIENT=@OLD_CHARACTER_SET_CLIENT */;
/*!40101 SET CHARACTER_SET_RESULTS=@OLD_CHARACTER_SET_RESULTS */;
/*!40101 SET COLLATION_CONNECTION=@OLD_COLLATION_CONNECTION */;
